setting,z0,z1,Da,composition,T0,P0,rho0,critical_depth,critical_pressure,critical_temperature,plag_out_pressure,plag_out_temperature,plag_out_depth,effective_delta_rho,max_delta_rho,max_rho,max_densification_rate_1Myr,max_densification_rate_100kyr,max_densification_rate_50kyr,max_densification_rate_10kyr
,,,0.01,sammon_2021_deep_crust,887.0,8075.999999999999,2959.3526267573866,nan,nan,nan,nan,nan,nan,nan,nan,2.942285293372115,nan,nan,nan,nan
,,,0.01,sammon_2021_lower_crust,887.0,8075.999999999999,3019.526361345015,nan,nan,nan,nan,nan,nan,nan,nan,2.9988900336510946,nan,nan,nan,nan
,,,0.01,hacker_2015_md_xenolith,887.0,8075.999999999999,3149.3150267060996,nan,nan,nan,nan,nan,nan,nan,nan,3.1289812397244656,nan,nan,nan,nan
,,,0.01,mackwell_1998_maryland_diabase,887.0,8075.999999999999,3237.0564096893845,nan,nan,nan,nan,nan,nan,nan,nan,3.2170377598575266,nan,nan,nan,nan
,,,0.03,sammon_2021_deep_crust,887.0,8075.999999999999,2959.3526267573866,nan,nan,nan,nan,nan,nan,nan,nan,2.9523983191991,nan,nan,nan,nan
,,,0.03,sammon_2021_lower_crust,887.0,8075.999999999999,3019.526361345015,nan,nan,nan,nan,nan,nan,nan,nan,3.010207180477477,nan,nan,nan,nan
,,,0.03,hacker_2015_md_xenolith,887.0,8075.999999999999,3149.3150267060996,nan,nan,nan,nan,nan,nan,nan,nan,3.1382518857789448,nan,nan,nan,nan
,,,0.03,mackwell_1998_maryland_diabase,887.0,8075.999999999999,3237.0564096893845,nan,nan,nan,nan,nan,nan,nan,nan,3.2243275127355644,nan,nan,nan,nan
,,,0.1,sammon_2021_deep_crust,887.0,8075.999999999999,2959.3526267573866,nan,nan,nan,nan,nan,nan,nan,nan,2.983813537123717,nan,nan,nan,nan
,,,0.1,sammon_2021_lower_crust,887.0,8075.999999999999,3019.526361345015,nan,nan,nan,nan,nan,nan,nan,nan,3.045186539112716,nan,nan,nan,nan
,,,0.1,hacker_2015_md_xenolith,887.0,8075.999999999999,3149.3150267060996,nan,nan,nan,nan,nan,nan,nan,nan,3.166855554433419,nan,nan,nan,nan
,,,0.1,mackwell_1998_maryland_diabase,887.0,8075.999999999999,3237.0564096893845,nan,nan,nan,nan,nan,nan,nan,nan,3.246938447658221,nan,nan,nan,nan
,,,0.3,sammon_2021_deep_crust,887.0,8075.999999999999,2959.3526267573866,nan,nan,nan,nan,nan,nan,nan,nan,3.0547094717654844,nan,nan,nan,nan
,,,0.3,sammon_2021_lower_crust,887.0,8075.999999999999,3019.526361345015,nan,nan,nan,nan,nan,nan,nan,nan,3.1234057671008033,nan,nan,nan,nan
,,,0.3,hacker_2015_md_xenolith,887.0,8075.999999999999,3149.3150267060996,nan,nan,nan,nan,nan,nan,nan,nan,3.2293591327262496,nan,nan,nan,nan
,,,0.3,mackwell_1998_maryland_diabase,887.0,8075.999999999999,3237.0564096893845,173338.6677335467,93.0,887.0,nan,nan,nan,0.002365514577678159,0.004681129506177495,3.2957893836121777,nan,nan,nan,nan
,,,1.0,sammon_2021_deep_crust,887.0,8075.999999999999,2959.3526267573866,nan,nan,nan,nan,nan,nan,nan,nan,3.171360196609818,nan,nan,nan,nan
,,,1.0,sammon_2021_lower_crust,887.0,8075.999999999999,3019.526361345015,nan,nan,nan,nan,nan,nan,nan,nan,3.2660498557431645,nan,nan,nan,nan
,,,1.0,hacker_2015_md_xenolith,887.0,8075.999999999999,3149.3150267060996,146063.21264252852,93.0,887.0,nan,nan,nan,0.017207195735100468,0.027124522623366065,3.3182327767293662,nan,nan,nan,nan
,,,1.0,mackwell_1998_maryland_diabase,887.0,8075.999999999999,3237.0564096893845,110596.11922384477,93.0,887.0,nan,nan,nan,0.04409094398671516,0.06964333495814357,3.3607515890641437,nan,nan,nan,nan
,,,3.0,sammon_2021_deep_crust,887.0,8075.999999999999,2959.3526267573866,nan,nan,nan,nan,nan,nan,nan,nan,3.23430793512298,nan,nan,nan,nan
,,,3.0,sammon_2021_lower_crust,887.0,8075.999999999999,3019.526361345015,138561.7123424685,93.0,887.0,nan,nan,nan,0.019084902408159486,0.035032034296920145,3.3261402884029203,nan,nan,nan,nan
,,,3.0,hacker_2015_md_xenolith,887.0,8075.999999999999,3149.3150267060996,101894.37887577516,93.0,887.0,nan,nan,nan,0.05047378026035337,0.08287957465285434,3.3739878287588545,nan,nan,nan,nan
,,,3.0,mackwell_1998_maryland_diabase,887.0,8075.999999999999,3237.0564096893845,79779.95599119825,93.0,887.0,nan,nan,nan,0.07470490136289851,0.11120105826746451,3.4023093123734647,nan,nan,nan,nan
,,,10.0,sammon_2021_deep_crust,887.0,8075.999999999999,2959.3526267573866,nan,nan,nan,93.0,887.0,141442.28845769155,nan,nan,3.2749550938928103,nan,nan,nan,nan
,,,10.0,sammon_2021_lower_crust,887.0,8075.999999999999,3019.526361345015,95323.06461292258,93.0,887.0,93.0,887.0,133880.77615523105,0.04773778219538884,0.06963658652334859,3.3607448406293488,nan,nan,nan,nan
,,,10.0,hacker_2015_md_xenolith,887.0,8075.999999999999,3149.3150267060996,75069.01380276054,93.0,887.0,93.0,887.0,132680.53610722144,0.08278004208904027,0.11622116539301741,3.4073294194990176,nan,nan,nan,nan
,,,10.0,mackwell_1998_maryland_diabase,887.0,8075.999999999999,3237.0564096893845,60846.16923384677,93.0,887.0,93.0,887.0,121788.35767153431,0.10213263036518984,0.13492619612404955,3.4260344502300497,nan,nan,nan,nan
,,,30.0,sammon_2021_deep_crust,887.0,8075.999999999999,2959.3526267573866,nan,nan,nan,93.0,887.0,103094.61892378476,nan,nan,3.278934527092699,nan,nan,nan,nan
,,,30.0,sammon_2021_lower_crust,887.0,8075.999999999999,3019.526361345015,75489.0978195639,93.0,887.0,93.0,887.0,98743.74874974995,0.060919446843389846,0.07438165690807041,3.3654899110140706,nan,nan,nan,nan
,,,30.0,hacker_2015_md_xenolith,887.0,8075.999999999999,3149.3150267060996,61776.35527105421,93.0,887.0,93.0,887.0,96943.38867773555,0.09774347691112362,0.11778529670335702,3.408893550809357,nan,nan,nan,nan
,,,30.0,mackwell_1998_maryland_diabase,887.0,8075.999999999999,3237.0564096893845,51424.2848569714,93.0,887.0,93.0,887.0,89231.84636927384,0.11543623720135997,0.13571139721058012,3.4268196513165803,nan,nan,nan,nan
,,,100.0,sammon_2021_deep_crust,887.0,8075.999999999999,2959.3526267573866,nan,nan,nan,93.0,887.0,79179.83596719344,nan,nan,3.2757961195934717,nan,nan,nan,nan
,,,100.0,sammon_2021_lower_crust,887.0,8075.999999999999,3019.526361345015,63546.70934186837,93.0,887.0,93.0,887.0,76449.2898579716,0.06558095937881868,0.07163318137863639,3.3627414354846366,nan,nan,nan,nan
,,,100.0,hacker_2015_md_xenolith,887.0,8075.999999999999,3149.3150267060996,54244.84896979396,93.0,887.0,93.0,887.0,75069.01380276054,0.10400108811907921,0.11529845724423948,3.4064067113502396,nan,nan,nan,nan
,,,100.0,mackwell_1998_maryland_diabase,887.0,8075.999999999999,3237.0564096893845,46083.21664332866,93.0,887.0,93.0,887.0,69727.94558911782,0.1216108900812535,0.13477264907805608,3.4258809031840562,nan,nan,nan,nan
,,,300.0,sammon_2021_deep_crust,887.0,8075.999999999999,2959.3526267573866,nan,nan,nan,93.0,887.0,66817.36347269453,nan,nan,3.27403680216597,nan,nan,nan,nan
,,,300.0,sammon_2021_lower_crust,887.0,8075.999999999999,3019.526361345015,56945.38907781556,93.0,887.0,93.0,887.0,64776.95539107821,0.06458586093003287,0.06801963141536271,3.359127885521363,nan,nan,nan,nan
,,,300.0,hacker_2015_md_xenolith,887.0,8075.999999999999,3149.3150267060996,50854.17083416683,93.0,887.0,93.0,887.0,64086.8173634727,0.10580032118516955,0.11435779119794454,3.4054660453039447,nan,nan,nan,nan
,,,300.0,mackwell_1998_maryland_diabase,887.0,8075.999999999999,3237.0564096893845,43772.754550910184,93.0,887.0,93.0,887.0,60126.025205041005,0.12396049400329379,0.13511964191057135,3.4262278960165715,nan,nan,nan,nan
,,,1000.0,sammon_2021_deep_crust,887.0,8075.999999999999,2959.3526267573866,nan,nan,nan,93.0,887.0,59195.83916783356,nan,nan,3.274079208594478,nan,nan,nan,nan
,,,1000.0,sammon_2021_lower_crust,887.0,8075.999999999999,3019.526361345015,52744.54890978195,93.0,887.0,93.0,887.0,57455.491098219645,0.06417927663100133,0.06805091211404068,3.359159166220041,nan,nan,nan,nan
,,,1000.0,hacker_2015_md_xenolith,887.0,8075.999999999999,3149.3150267060996,48723.744748949786,93.0,887.0,93.0,887.0,57305.461092218444,0.10703623992701582,0.11467290199398805,3.405781156099988,nan,nan,nan,nan
,,,1000.0,mackwell_1998_maryland_diabase,887.0,8075.999999999999,3237.0564096893845,42452.49049809962,93.0,887.0,93.0,887.0,54334.86697339467,0.12559657939443486,0.13612722022261137,3.4272354743286115,nan,nan,nan,nan
,,,3000.0,sammon_2021_deep_crust,887.0,8075.999999999999,2959.3526267573866,nan,nan,nan,93.0,887.0,55505.10102020404,nan,nan,3.2740801466746468,nan,nan,nan,nan
,,,3000.0,sammon_2021_lower_crust,887.0,8075.999999999999,3019.526361345015,50254.050810162036,93.0,887.0,93.0,887.0,53644.72894578916,0.06434764419518701,0.06805188997638911,3.3591601440823893,nan,nan,nan,nan
,,,3000.0,hacker_2015_md_xenolith,887.0,8075.999999999999,3149.3150267060996,47223.44468893779,93.0,887.0,93.0,887.0,53764.75295059012,0.10775294625456744,0.11468392451120568,3.405792178617206,nan,nan,nan,nan
,,,3000.0,mackwell_1998_maryland_diabase,887.0,8075.999999999999,3237.0564096893845,41732.34646929386,93.0,887.0,93.0,887.0,51274.25485097019,0.12669672551829922,0.13633195648476093,3.427440210590761,nan,nan,nan,nan
,,,10000.0,sammon_2021_deep_crust,887.0,8075.999999999999,2959.3526267573866,nan,nan,nan,93.0,887.0,53584.71694338868,nan,nan,3.2740812502150844,nan,nan,nan,nan
,,,10000.0,sammon_2021_lower_crust,887.0,8075.999999999999,3019.526361345015,48843.76875375075,93.0,887.0,93.0,887.0,51664.33286657331,0.06451725348752992,0.06805156537184986,3.35915981947785,nan,nan,nan,nan
,,,10000.0,hacker_2015_md_xenolith,887.0,8075.999999999999,3149.3150267060996,45903.180636127225,93.0,887.0,93.0,887.0,51784.35687137427,0.10796231315387401,0.11468583517673725,3.4057940892827374,nan,nan,nan,nan
,,,10000.0,mackwell_1998_maryland_diabase,887.0,8075.999999999999,3237.0564096893845,40922.18443688738,93.0,887.0,93.0,887.0,49503.90078015604,0.1272260272666376,0.1363382586636228,3.427446512769623,nan,nan,nan,nan
,,,0.01,sammon_2021_deep_crust,1037.0,8075.999999999999,2871.441710303864,nan,nan,nan,nan,nan,nan,nan,nan,2.8658394587121068,nan,nan,nan,nan
,,,0.01,sammon_2021_lower_crust,1037.0,8075.999999999999,2944.0112410373176,nan,nan,nan,nan,nan,nan,nan,nan,2.9296200667001133,nan,nan,nan,nan
,,,0.01,hacker_2015_md_xenolith,1037.0,8075.999999999999,2982.5069628830765,nan,nan,nan,nan,nan,nan,nan,nan,2.965441880449914,nan,nan,nan,nan
,,,0.01,mackwell_1998_maryland_diabase,1037.0,8075.999999999999,3041.481777271612,nan,nan,nan,nan,nan,nan,nan,nan,3.0238832828773403,nan,nan,nan,nan
,,,0.03,sammon_2021_deep_crust,1037.0,8075.999999999999,2871.441710303864,nan,nan,nan,nan,nan,nan,nan,nan,2.886302747390706,nan,nan,nan,nan
,,,0.03,sammon_2021_lower_crust,1037.0,8075.999999999999,2944.0112410373176,nan,nan,nan,nan,nan,nan,nan,nan,2.952351534574119,nan,nan,nan,nan
,,,0.03,hacker_2015_md_xenolith,1037.0,8075.999999999999,2982.5069628830765,nan,nan,nan,nan,nan,nan,nan,nan,2.988888485101636,nan,nan,nan,nan
,,,0.03,mackwell_1998_maryland_diabase,1037.0,8075.999999999999,3041.481777271612,nan,nan,nan,nan,nan,nan,nan,nan,3.0461982920849286,nan,nan,nan,nan
,,,0.1,sammon_2021_deep_crust,1037.0,8075.999999999999,2871.441710303864,nan,nan,nan,nan,nan,nan,nan,nan,2.9473162321313087,nan,nan,nan,nan
,,,0.1,sammon_2021_lower_crust,1037.0,8075.999999999999,2944.0112410373176,nan,nan,nan,nan,nan,nan,nan,nan,3.019436409704486,nan,nan,nan,nan
,,,0.1,hacker_2015_md_xenolith,1037.0,8075.999999999999,2982.5069628830765,nan,nan,nan,nan,nan,nan,nan,nan,3.0579367219682543,nan,nan,nan,nan
,,,0.1,mackwell_1998_maryland_diabase,1037.0,8075.999999999999,3041.481777271612,nan,nan,nan,nan,nan,nan,nan,nan,3.111280892795457,nan,nan,nan,nan
,,,0.3,sammon_2021_deep_crust,1037.0,8075.999999999999,2871.441710303864,nan,nan,nan,nan,nan,nan,nan,nan,3.0670807015300317,nan,nan,nan,nan
,,,0.3,sammon_2021_lower_crust,1037.0,8075.999999999999,2944.0112410373176,nan,nan,nan,nan,nan,nan,nan,nan,3.1483696057810873,nan,nan,nan,nan
,,,0.3,hacker_2015_md_xenolith,1037.0,8075.999999999999,2982.5069628830765,nan,nan,nan,nan,nan,nan,nan,nan,3.189796646533353,nan,nan,nan,nan
,,,0.3,mackwell_1998_maryland_diabase,1037.0,8075.999999999999,3041.481777271612,nan,nan,nan,nan,nan,nan,nan,nan,3.232915103116791,nan,nan,nan,nan
,,,1.0,sammon_2021_deep_crust,1037.0,8075.999999999999,2871.441710303864,nan,nan,nan,nan,nan,nan,nan,nan,3.1857463225556555,nan,nan,nan,nan
,,,1.0,sammon_2021_lower_crust,1037.0,8075.999999999999,2944.0112410373176,173008.60172034407,93.0,1037.0,nan,nan,nan,0.002373315381917488,0.004691293910244365,3.2807231611162444,nan,nan,nan,nan
,,,1.0,hacker_2015_md_xenolith,1037.0,8075.999999999999,2982.5069628830765,143332.66653330665,93.0,1037.0,nan,nan,nan,0.029839575599093615,0.04586181638379072,3.3218936835897908,nan,nan,nan,nan
,,,1.0,mackwell_1998_maryland_diabase,1037.0,8075.999999999999,3041.481777271612,130760.15203040607,93.0,1037.0,nan,nan,nan,0.05421924073444146,0.08283747050947055,3.3588693377154706,nan,nan,nan,nan
,,,3.0,sammon_2021_deep_crust,1037.0,8075.999999999999,2871.441710303864,nan,nan,nan,93.0,1037.0,174568.91378275654,nan,nan,3.247335233778737,nan,nan,nan,nan
,,,3.0,sammon_2021_lower_crust,1037.0,8075.999999999999,2944.0112410373176,118997.79955991199,93.0,1037.0,93.0,1037.0,158965.7931586317,0.03577382814534234,0.059491556908248366,3.3355234241142484,nan,nan,nan,nan
,,,3.0,hacker_2015_md_xenolith,1037.0,8075.999999999999,2982.5069628830765,104204.84096819363,93.0,1037.0,93.0,1037.0,158395.67913582717,0.06777566332081889,0.10162910614478315,3.377660973350783,nan,nan,nan,nan
,,,3.0,mackwell_1998_maryland_diabase,1037.0,8075.999999999999,3041.481777271612,96043.20864172834,93.0,1037.0,93.0,1037.0,137391.47829565912,0.0914910362749322,0.122819855273951,3.398851722479951,nan,nan,nan,nan
,,,10.0,sammon_2021_deep_crust,1037.0,8075.999999999999,2871.441710303864,nan,nan,nan,93.0,1037.0,121158.23164632928,nan,nan,3.2673769121167906,nan,nan,nan,nan
,,,10.0,sammon_2021_lower_crust,1037.0,8075.999999999999,2944.0112410373176,89111.8223644729,93.0,1037.0,93.0,1037.0,113536.7073414683,0.05845802616933751,0.07605269244340418,3.352084559649404,nan,nan,nan,nan
,,,10.0,hacker_2015_md_xenolith,1037.0,8075.999999999999,2982.5069628830765,80200.04000800161,93.0,1037.0,93.0,1037.0,113236.6473294659,0.09468408931134668,0.11925514502533296,3.395287012231333,nan,nan,nan,nan
,,,10.0,mackwell_1998_maryland_diabase,1037.0,8075.999999999999,3041.481777271612,74468.89377875575,93.0,1037.0,93.0,1037.0,102344.46889377876,0.11416396498229102,0.13612744710036262,3.4121593143063627,nan,nan,nan,nan
,,,30.0,sammon_2021_deep_crust,1037.0,8075.999999999999,2871.441710303864,nan,nan,nan,93.0,1037.0,94992.99859971995,nan,nan,3.2664173049133645,nan,nan,nan,nan
,,,30.0,sammon_2021_lower_crust,1037.0,8075.999999999999,2944.0112410373176,74618.92378475695,93.0,1037.0,93.0,1037.0,90042.00840168033,0.06613359360162815,0.07584550158711867,3.3518773687931187,nan,nan,nan,nan
,,,30.0,hacker_2015_md_xenolith,1037.0,8075.999999999999,2982.5069628830765,68047.60952190438,93.0,1037.0,93.0,1037.0,89831.96639327865,0.10519316174199525,0.12011522660120555,3.3961470938072056,nan,nan,nan,nan
,,,30.0,mackwell_1998_maryland_diabase,1037.0,8075.999999999999,3041.481777271612,63036.60732146429,93.0,1037.0,93.0,1037.0,82960.5921184237,0.12471523764927096,0.13963367739197707,3.415665544597977,nan,nan,nan,nan
,,,100.0,sammon_2021_deep_crust,1037.0,8075.999999999999,2871.441710303864,nan,nan,nan,93.0,1037.0,78699.7399479896,nan,nan,3.2631045545778745,nan,nan,nan,nan
,,,100.0,sammon_2021_lower_crust,1037.0,8075.999999999999,2944.0112410373176,66187.23744748949,93.0,1037.0,93.0,1037.0,75189.03780756152,0.06644209529399749,0.07167633240078253,3.3477081996067826,nan,nan,nan,nan
,,,100.0,hacker_2015_md_xenolith,1037.0,8075.999999999999,2982.5069628830765,61116.223244648936,93.0,1037.0,93.0,1037.0,75009.00180036007,0.10761821857604606,0.11748850976790592,3.393520376973906,nan,nan,nan,nan
,,,100.0,mackwell_1998_maryland_diabase,1037.0,8075.999999999999,3041.481777271612,55715.14302860572,93.0,1037.0,93.0,1037.0,70088.01760352071,0.12749654391267057,0.1383052822013875,3.4143371494073875,nan,nan,nan,nan
,,,300.0,sammon_2021_deep_crust,1037.0,8075.999999999999,2871.441710303864,nan,nan,nan,93.0,1037.0,70358.07161432286,nan,nan,3.26315222151812,nan,nan,nan,nan
,,,300.0,sammon_2021_lower_crust,1037.0,8075.999999999999,2944.0112410373176,62166.43328665733,93.0,1037.0,93.0,1037.0,67537.50750150031,0.06604481595248408,0.07143996626321858,3.3474718334692186,nan,nan,nan,nan
,,,300.0,hacker_2015_md_xenolith,1037.0,8075.999999999999,2982.5069628830765,58505.70114022805,93.0,1037.0,93.0,1037.0,67597.51950390078,0.10868988959223097,0.1179181615635958,3.393950028769596,nan,nan,nan,nan
,,,300.0,mackwell_1998_maryland_diabase,1037.0,8075.999999999999,3041.481777271612,52324.46489297859,93.0,1037.0,93.0,1037.0,63786.757351470296,0.12791077781754612,0.13932806557407273,3.4153599327800728,nan,nan,nan,nan
,,,1000.0,sammon_2021_deep_crust,1037.0,8075.999999999999,2871.441710303864,nan,nan,nan,93.0,1037.0,65287.057411482296,nan,nan,3.2631585374846113,nan,nan,nan,nan
,,,1000.0,sammon_2021_lower_crust,1037.0,8075.999999999999,2944.0112410373176,59435.88717743549,93.0,1037.0,93.0,1037.0,62796.55931186237,0.06629745525117696,0.07147155811703243,3.3475034253230325,nan,nan,nan,nan
,,,1000.0,hacker_2015_md_xenolith,1037.0,8075.999999999999,2982.5069628830765,57125.42508501701,93.0,1037.0,93.0,1037.0,63156.631326265255,0.10995497412901997,0.1181746922741489,3.394206559480149,nan,nan,nan,nan
,,,1000.0,mackwell_1998_maryland_diabase,1037.0,8075.999999999999,3041.481777271612,51664.33286657331,93.0,1037.0,93.0,1037.0,60216.04320864173,0.12957806842428446,0.14062982101111388,3.416661688217114,nan,nan,nan,nan
,,,3000.0,sammon_2021_deep_crust,1037.0,8075.999999999999,2871.441710303864,nan,nan,nan,93.0,1037.0,62916.58331666333,nan,nan,3.2631583444221626,nan,nan,nan,nan
,,,3000.0,sammon_2021_lower_crust,1037.0,8075.999999999999,2944.0112410373176,57755.55111022205,93.0,1037.0,93.0,1037.0,60336.067213442686,0.06648358557287573,0.0714712064343952,3.3475030736403952,nan,nan,nan,nan
,,,3000.0,hacker_2015_md_xenolith,1037.0,8075.999999999999,2982.5069628830765,56165.233046609326,93.0,1037.0,93.0,1037.0,60786.15723144629,0.11059798406104308,0.1181749561780614,3.3942068233840614,nan,nan,nan,nan
,,,3000.0,mackwell_1998_maryland_diabase,1037.0,8075.999999999999,3041.481777271612,51544.308861772355,93.0,1037.0,93.0,1037.0,58355.671134226846,0.13076141302158265,0.14114612589905784,3.417177993105058,nan,nan,nan,nan
,,,10000.0,sammon_2021_deep_crust,1037.0,8075.999999999999,2871.441710303864,nan,nan,nan,93.0,1037.0,61776.35527105421,nan,nan,3.263159966085375,nan,nan,nan,nan
,,,10000.0,sammon_2021_lower_crust,1037.0,8075.999999999999,2944.0112410373176,56765.353070614125,93.0,1037.0,93.0,1037.0,59105.821164232846,0.0665489424623274,0.07147483377283681,3.347506700978837,nan,nan,nan,nan
,,,10000.0,hacker_2015_md_xenolith,1037.0,8075.999999999999,2982.5069628830765,55325.065013002604,93.0,1037.0,93.0,1037.0,59525.905181036214,0.11078457641475786,0.11817553534352143,3.3942074025495215,nan,nan,nan,nan
,,,10000.0,mackwell_1998_maryland_diabase,1037.0,8075.999999999999,3041.481777271612,51454.29085817163,93.0,1037.0,93.0,1037.0,57215.44308861772,0.13152337060221894,0.14124476390806695,3.417276631114067,nan,nan,nan,nan
,,,0.01,sammon_2021_deep_crust,1187.0,8075.999999999999,2862.585373529451,nan,nan,nan,nan,nan,nan,nan,nan,2.86333745728503,nan,nan,nan,nan
,,,0.01,sammon_2021_lower_crust,1187.0,8075.999999999999,2934.5570493802697,nan,nan,nan,nan,nan,nan,nan,nan,2.9269627601286823,nan,nan,nan,nan
,,,0.01,hacker_2015_md_xenolith,1187.0,8075.999999999999,2972.700281969107,nan,nan,nan,nan,nan,nan,nan,nan,2.9625403259910645,nan,nan,nan,nan
,,,0.01,mackwell_1998_maryland_diabase,1187.0,8075.999999999999,3031.440673443985,nan,nan,nan,nan,nan,nan,nan,nan,3.0203714645396387,nan,nan,nan,nan
,,,0.03,sammon_2021_deep_crust,1187.0,8075.999999999999,2862.585373529451,nan,nan,nan,nan,nan,nan,nan,nan,2.893745872122871,nan,nan,nan,nan
,,,0.03,sammon_2021_lower_crust,1187.0,8075.999999999999,2934.5570493802697,nan,nan,nan,nan,nan,nan,nan,nan,2.9609509012761466,nan,nan,nan,nan
,,,0.03,hacker_2015_md_xenolith,1187.0,8075.999999999999,2972.700281969107,nan,nan,nan,nan,nan,nan,nan,nan,2.9976171316780587,nan,nan,nan,nan
,,,0.03,mackwell_1998_maryland_diabase,1187.0,8075.999999999999,3031.440673443985,nan,nan,nan,nan,nan,nan,nan,nan,3.0538183318309846,nan,nan,nan,nan
,,,0.1,sammon_2021_deep_crust,1187.0,8075.999999999999,2862.585373529451,nan,nan,nan,nan,nan,nan,nan,nan,2.976932651463247,nan,nan,nan,nan
,,,0.1,sammon_2021_lower_crust,1187.0,8075.999999999999,2934.5570493802697,nan,nan,nan,nan,nan,nan,nan,nan,3.0525755556992205,nan,nan,nan,nan
,,,0.1,hacker_2015_md_xenolith,1187.0,8075.999999999999,2972.700281969107,nan,nan,nan,nan,nan,nan,nan,nan,3.0919005162080273,nan,nan,nan,nan
,,,0.1,mackwell_1998_maryland_diabase,1187.0,8075.999999999999,3031.440673443985,nan,nan,nan,nan,nan,nan,nan,nan,3.142501744753025,nan,nan,nan,nan
,,,0.3,sammon_2021_deep_crust,1187.0,8075.999999999999,2862.585373529451,nan,nan,nan,nan,nan,nan,nan,nan,3.110912916911706,nan,nan,nan,nan
,,,0.3,sammon_2021_lower_crust,1187.0,8075.999999999999,2934.5570493802697,nan,nan,nan,nan,nan,nan,nan,nan,3.195262475443444,nan,nan,nan,nan
,,,0.3,hacker_2015_md_xenolith,1187.0,8075.999999999999,2972.700281969107,nan,nan,nan,nan,nan,nan,nan,nan,3.237212781330964,nan,nan,nan,nan
,,,0.3,mackwell_1998_maryland_diabase,1187.0,8075.999999999999,3031.440673443985,171628.32566513302,93.0,1187.0,nan,nan,nan,0.007085663146555981,0.013814534738420647,3.274770015044421,nan,nan,nan,nan
,,,1.0,sammon_2021_deep_crust,1187.0,8075.999999999999,2862.585373529451,nan,nan,nan,nan,nan,nan,nan,nan,3.1954053670345592,nan,nan,nan,nan
,,,1.0,sammon_2021_lower_crust,1187.0,8075.999999999999,2934.5570493802697,152484.49689937988,93.0,1187.0,nan,nan,nan,0.012550437158825567,0.023512678773150775,3.284468159079151,nan,nan,nan,nan
,,,1.0,hacker_2015_md_xenolith,1187.0,8075.999999999999,2972.700281969107,128989.79795959192,93.0,1187.0,nan,nan,nan,0.04082663297314475,0.06522511436528378,3.326180594671284,nan,nan,nan,nan
,,,1.0,mackwell_1998_maryland_diabase,1187.0,8075.999999999999,3031.440673443985,117827.56551310263,93.0,1187.0,93.0,1187.0,169137.8275655131,0.06602359994341676,0.09625044964630503,3.3572059299523054,nan,nan,nan,nan
,,,3.0,sammon_2021_deep_crust,1187.0,8075.999999999999,2862.585373529451,nan,nan,nan,93.0,1187.0,151464.29285857172,nan,nan,3.245003361252581,nan,nan,nan,nan
,,,3.0,sammon_2021_lower_crust,1187.0,8075.999999999999,2934.5570493802697,112426.48529705941,93.0,1187.0,93.0,1187.0,139761.9523904781,0.04369689916406494,0.06769713225761453,3.328652612563615,nan,nan,nan,nan
,,,3.0,hacker_2015_md_xenolith,1187.0,8075.999999999999,2972.700281969107,99223.84476895379,93.0,1187.0,93.0,1187.0,139311.86237247448,0.07648307130263605,0.11069326985244654,3.371648750158447,nan,nan,nan,nan
,,,3.0,mackwell_1998_maryland_diabase,1187.0,8075.999999999999,3031.440673443985,91272.25445089018,93.0,1187.0,93.0,1187.0,122868.57371474295,0.09795196885406193,0.13043394524318241,3.3913894255491828,nan,nan,nan,nan
,,,10.0,sammon_2021_deep_crust,1187.0,8075.999999999999,2862.585373529451,nan,nan,nan,93.0,1187.0,113116.62332466494,nan,nan,3.2537066420733156,nan,nan,nan,nan
,,,10.0,sammon_2021_lower_crust,1187.0,8075.999999999999,2934.5570493802697,88961.79235847169,93.0,1187.0,93.0,1187.0,105405.08101620323,0.0608021109330089,0.07645033970981485,3.337405820015815,nan,nan,nan,nan
,,,10.0,hacker_2015_md_xenolith,1187.0,8075.999999999999,2972.700281969107,80830.16603320664,93.0,1187.0,93.0,1187.0,105135.02700540109,0.09783977016073096,0.11992626658825056,3.380881746894251,nan,nan,nan,nan
,,,10.0,mackwell_1998_maryland_diabase,1187.0,8075.999999999999,3031.440673443985,74468.89377875575,93.0,1187.0,93.0,1187.0,95323.06461292258,0.11678949072352805,0.13852867099810995,3.3994841513041103,nan,nan,nan,nan
,,,30.0,sammon_2021_deep_crust,1187.0,8075.999999999999,2862.585373529451,nan,nan,nan,93.0,1187.0,94122.824564913,nan,nan,3.2514653169117467,nan,nan,nan,nan
,,,30.0,sammon_2021_lower_crust,1187.0,8075.999999999999,2934.5570493802697,77769.55391078215,93.0,1187.0,93.0,1187.0,88241.64832966594,0.06499700915211508,0.0744131327089117,3.335368613014912,nan,nan,nan,nan
,,,30.0,hacker_2015_md_xenolith,1187.0,8075.999999999999,2972.700281969107,71738.3476695339,93.0,1187.0,93.0,1187.0,87971.59431886378,0.10450140219614969,0.11891942425519453,3.379874904561195,nan,nan,nan,nan
,,,30.0,mackwell_1998_maryland_diabase,1187.0,8075.999999999999,3031.440673443985,65437.0874174835,93.0,1187.0,93.0,1187.0,80770.15403080617,0.12351934487303057,0.13912476011387964,3.40008024041988,nan,nan,nan,nan
,,,100.0,sammon_2021_deep_crust,1187.0,8075.999999999999,2862.585373529451,nan,nan,nan,93.0,1187.0,82660.53210642128,nan,nan,3.250234360563062,nan,nan,nan,nan
,,,100.0,sammon_2021_lower_crust,1187.0,8075.999999999999,2934.5570493802697,72188.43768753752,93.0,1187.0,93.0,1187.0,78249.64992998599,0.06524155238715108,0.07289207490729854,3.333847555213299,nan,nan,nan,nan
,,,100.0,hacker_2015_md_xenolith,1187.0,8075.999999999999,2972.700281969107,67537.50750150031,93.0,1187.0,93.0,1187.0,78129.62592518504,0.10654500001551713,0.1184769362705187,3.379432416576519,nan,nan,nan,nan
,,,100.0,mackwell_1998_maryland_diabase,1187.0,8075.999999999999,3031.440673443985,58805.76115223044,93.0,1187.0,93.0,1187.0,72248.44968993799,0.12492437204987603,0.13940374751989237,3.4003592278258927,nan,nan,nan,nan
,,,300.0,sammon_2021_deep_crust,1187.0,8075.999999999999,2862.585373529451,nan,nan,nan,93.0,1187.0,76809.36187237447,nan,nan,3.250279171700946,nan,nan,nan,nan
,,,300.0,sammon_2021_lower_crust,1187.0,8075.999999999999,2934.5570493802697,69547.90958191638,93.0,1187.0,93.0,1187.0,73238.64772954592,0.06563776157562573,0.07309670494456721,3.3340521852505676,nan,nan,nan,nan
,,,300.0,hacker_2015_md_xenolith,1187.0,8075.999999999999,2972.700281969107,66307.26145229046,93.0,1187.0,93.0,1187.0,73478.69573914784,0.10813225607687531,0.11910243681266586,3.380057917118666,nan,nan,nan,nan
,,,300.0,mackwell_1998_maryland_diabase,1187.0,8075.999999999999,3031.440673443985,56375.27505501101,93.0,1187.0,93.0,1187.0,68557.71154230846,0.12543359786123295,0.14033292051438728,3.4012884008203876,nan,nan,nan,nan
,,,1000.0,sammon_2021_deep_crust,1187.0,8075.999999999999,2862.585373529451,nan,nan,nan,93.0,1187.0,73148.62972594518,nan,nan,3.2502861283216395,nan,nan,nan,nan
,,,1000.0,sammon_2021_lower_crust,1187.0,8075.999999999999,2934.5570493802697,67687.5375075015,93.0,1187.0,93.0,1187.0,69997.99959991997,0.06602575719515415,0.07311018849815731,3.3340656688041577,nan,nan,nan,nan
,,,1000.0,hacker_2015_md_xenolith,1187.0,8075.999999999999,2972.700281969107,65707.14142828566,93.0,1187.0,93.0,1187.0,70568.11362272454,0.10937377811894222,0.11923466658829884,3.380190146894299,nan,nan,nan,nan
,,,1000.0,mackwell_1998_maryland_diabase,1187.0,8075.999999999999,3031.440673443985,56015.20304060812,93.0,1187.0,93.0,1187.0,66637.32746549309,0.1266584453946908,0.14081613586429764,3.401771616170298,nan,nan,nan,nan
,,,3000.0,sammon_2021_deep_crust,1187.0,8075.999999999999,2862.585373529451,nan,nan,nan,93.0,1187.0,71498.29965993199,nan,nan,3.2502805083995603,nan,nan,nan,nan
,,,3000.0,sammon_2021_lower_crust,1187.0,8075.999999999999,2934.5570493802697,66517.30346069214,93.0,1187.0,93.0,1187.0,68287.6575315063,0.06616203870063955,0.07311126049992378,3.334066740805924,nan,nan,nan,nan
,,,3000.0,hacker_2015_md_xenolith,1187.0,8075.999999999999,2972.700281969107,65437.0874174835,93.0,1187.0,93.0,1187.0,69037.80756151231,0.11007949075637796,0.11923018259371165,3.380185662899712,nan,nan,nan,nan
,,,3000.0,mackwell_1998_maryland_diabase,1187.0,8075.999999999999,3031.440673443985,55895.17903580716,93.0,1187.0,93.0,1187.0,65797.15943188638,0.1272241402696615,0.14085000122616442,3.4018054815321648,nan,nan,nan,nan
,,,10000.0,sammon_2021_deep_crust,1187.0,8075.999999999999,2862.585373529451,nan,nan,nan,93.0,1187.0,70778.15563112622,nan,nan,3.2502828239117427,nan,nan,nan,nan
,,,10000.0,sammon_2021_lower_crust,1187.0,8075.999999999999,2934.5570493802697,65827.16543308663,93.0,1187.0,93.0,1187.0,67417.48349669934,0.06618770130526778,0.07311116195132694,3.3340666422573273,nan,nan,nan,nan
,,,10000.0,hacker_2015_md_xenolith,1187.0,8075.999999999999,2972.700281969107,65227.04540908182,93.0,1187.0,93.0,1187.0,68167.63352670535,0.11046116588067154,0.11923532866421338,3.3801908089702137,nan,nan,nan,nan
,,,10000.0,mackwell_1998_maryland_diabase,1187.0,8075.999999999999,3031.440673443985,55865.17303460692,93.0,1187.0,93.0,1187.0,65377.07541508302,0.12752289871595232,0.14083852651982465,3.401794006825825,nan,nan,nan,nan
,,,0.01,sammon_2021_deep_crust,1337.0,8075.999999999999,2854.1968065034193,nan,nan,nan,nan,nan,nan,nan,nan,2.8605330204959225,nan,nan,nan,nan
,,,0.01,sammon_2021_lower_crust,1337.0,8075.999999999999,2925.422496902028,nan,nan,nan,nan,nan,nan,nan,nan,2.9243245909254494,nan,nan,nan,nan
,,,0.01,hacker_2015_md_xenolith,1337.0,8075.999999999999,2963.084810158211,nan,nan,nan,nan,nan,nan,nan,nan,2.959626102486251,nan,nan,nan,nan
,,,0.01,mackwell_1998_maryland_diabase,1337.0,8075.999999999999,3021.8674127782106,nan,nan,nan,nan,nan,nan,nan,nan,3.01715754409451,nan,nan,nan,nan
,,,0.03,sammon_2021_deep_crust,1337.0,8075.999999999999,2854.1968065034193,nan,nan,nan,nan,nan,nan,nan,nan,2.8993066449388496,nan,nan,nan,nan
,,,0.03,sammon_2021_lower_crust,1337.0,8075.999999999999,2925.422496902028,nan,nan,nan,nan,nan,nan,nan,nan,2.9679756608526238,nan,nan,nan,nan
,,,0.03,hacker_2015_md_xenolith,1337.0,8075.999999999999,2963.084810158211,nan,nan,nan,nan,nan,nan,nan,nan,3.00469674958951,nan,nan,nan,nan
,,,0.03,mackwell_1998_maryland_diabase,1337.0,8075.999999999999,3021.8674127782106,nan,nan,nan,nan,nan,nan,nan,nan,3.060208372602485,nan,nan,nan,nan
,,,0.1,sammon_2021_deep_crust,1337.0,8075.999999999999,2854.1968065034193,nan,nan,nan,nan,nan,nan,nan,nan,2.996919262832347,nan,nan,nan,nan
,,,0.1,sammon_2021_lower_crust,1337.0,8075.999999999999,2925.422496902028,nan,nan,nan,nan,nan,nan,nan,nan,3.0753038410429907,nan,nan,nan,nan
,,,0.1,hacker_2015_md_xenolith,1337.0,8075.999999999999,2963.084810158211,nan,nan,nan,nan,nan,nan,nan,nan,3.1150891653428117,nan,nan,nan,nan
,,,0.1,mackwell_1998_maryland_diabase,1337.0,8075.999999999999,3021.8674127782106,nan,nan,nan,nan,nan,nan,nan,nan,3.1635928670575337,nan,nan,nan,nan
,,,0.3,sammon_2021_deep_crust,1337.0,8075.999999999999,2854.1968065034193,nan,nan,nan,nan,nan,nan,nan,nan,3.1234363723460796,nan,nan,nan,nan
,,,0.3,sammon_2021_lower_crust,1337.0,8075.999999999999,2925.422496902028,nan,nan,nan,nan,nan,nan,nan,nan,3.2112894346717247,nan,nan,nan,nan
,,,0.3,hacker_2015_md_xenolith,1337.0,8075.999999999999,2963.084810158211,175289.05781156232,93.0,1337.0,nan,nan,nan,0.0034405052023223815,0.006653417996202116,3.252532511402202,nan,nan,nan,nan
,,,0.3,mackwell_1998_maryland_diabase,1337.0,8075.999999999999,3021.8674127782106,155455.09101820365,93.0,1337.0,nan,nan,nan,0.023060096638671753,0.04181987950137023,3.28769897290737,nan,nan,nan,nan
,,,1.0,sammon_2021_deep_crust,1337.0,8075.999999999999,2854.1968065034193,nan,nan,nan,nan,nan,nan,nan,nan,3.1927109028338694,nan,nan,nan,nan
,,,1.0,sammon_2021_lower_crust,1337.0,8075.999999999999,2925.422496902028,146603.32066413283,93.0,1337.0,nan,nan,nan,0.017192154931078188,0.03090156375861497,3.2767806571646148,nan,nan,nan,nan
,,,1.0,hacker_2015_md_xenolith,1337.0,8075.999999999999,2963.084810158211,124068.81376275256,93.0,1337.0,nan,nan,nan,0.04508316928899061,0.07317123268487924,3.319050326090879,nan,nan,nan,nan
,,,1.0,mackwell_1998_maryland_diabase,1337.0,8075.999999999999,3021.8674127782106,112876.575315063,93.0,1337.0,93.0,1337.0,152844.56891378277,0.06832086943412155,0.09977758049307406,3.345656673899074,nan,nan,nan,nan
,,,3.0,sammon_2021_deep_crust,1337.0,8075.999999999999,2854.1968065034193,nan,nan,nan,93.0,1337.0,141352.27045409082,nan,nan,3.2305035324040423,nan,nan,nan,nan
,,,3.0,sammon_2021_lower_crust,1337.0,8075.999999999999,2925.422496902028,112516.50330066013,93.0,1337.0,93.0,1337.0,130280.05601120224,0.04289546353046717,0.06356376091000726,3.309442854316007,nan,nan,nan,nan
,,,3.0,hacker_2015_md_xenolith,1337.0,8075.999999999999,2963.084810158211,99343.86877375476,93.0,1337.0,93.0,1337.0,129979.99599919983,0.076268813298948,0.10717328813717097,3.3530523815431708,nan,nan,nan,nan
,,,3.0,mackwell_1998_maryland_diabase,1337.0,8075.999999999999,3021.8674127782106,90612.1224244849,93.0,1337.0,93.0,1337.0,115757.15143028606,0.09533045213641693,0.12617394339391996,3.3720530367999197,nan,nan,nan,nan
,,,10.0,sammon_2021_deep_crust,1337.0,8075.999999999999,2854.1968065034193,nan,nan,nan,93.0,1337.0,111286.25725145028,nan,nan,3.2360460900472576,nan,nan,nan,nan
,,,10.0,sammon_2021_lower_crust,1337.0,8075.999999999999,2925.422496902028,92322.46449289858,93.0,1337.0,93.0,1337.0,102974.5949189838,0.055737973246721695,0.07159104130659477,3.3174701347125946,nan,nan,nan,nan
,,,10.0,hacker_2015_md_xenolith,1337.0,8075.999999999999,2963.084810158211,83890.77815563112,93.0,1337.0,93.0,1337.0,102674.5349069814,0.09251293778775711,0.11457090165971895,3.3604499950657187,nan,nan,nan,nan
,,,10.0,mackwell_1998_maryland_diabase,1337.0,8075.999999999999,3021.8674127782106,76059.21184236847,93.0,1337.0,93.0,1337.0,93132.62652530507,0.10909747684892139,0.13084898439149262,3.3767280777974924,nan,nan,nan,nan
,,,30.0,sammon_2021_deep_crust,1337.0,8075.999999999999,2854.1968065034193,nan,nan,nan,93.0,1337.0,97273.45469093819,nan,nan,3.234669164932015,nan,nan,nan,nan
,,,30.0,sammon_2021_lower_crust,1337.0,8075.999999999999,2925.422496902028,83260.65213042608,93.0,1337.0,93.0,1337.0,90492.09841968394,0.05986950712838962,0.0708310961171641,3.316710189523164,nan,nan,nan,nan
,,,30.0,hacker_2015_md_xenolith,1337.0,8075.999999999999,2963.084810158211,76179.23584716943,93.0,1337.0,93.0,1337.0,90012.0024004801,0.09851205033874162,0.11524874638909433,3.361127839795094,nan,nan,nan,nan
,,,30.0,mackwell_1998_maryland_diabase,1337.0,8075.999999999999,3021.8674127782106,67117.42348469695,93.0,1337.0,93.0,1337.0,81610.32206441287,0.11473259180176709,0.13403819904247039,3.37991729244847,nan,nan,nan,nan
,,,100.0,sammon_2021_deep_crust,1337.0,8075.999999999999,2854.1968065034193,nan,nan,nan,93.0,1337.0,88661.73234646929,nan,nan,3.2343296505407806,nan,nan,nan,nan
,,,100.0,sammon_2021_lower_crust,1337.0,8075.999999999999,2925.422496902028,79209.84196839368,93.0,1337.0,93.0,1337.0,83470.69413882776,0.060780644097925156,0.07070184255335032,3.31658093595935,nan,nan,nan,nan
,,,100.0,hacker_2015_md_xenolith,1337.0,8075.999999999999,2963.084810158211,73028.60572114424,93.0,1337.0,93.0,1337.0,83080.61612322464,0.10071005624967336,0.11559529818868208,3.361474391594682,nan,nan,nan,nan
,,,100.0,mackwell_1998_maryland_diabase,1337.0,8075.999999999999,3021.8674127782106,61326.26525305062,93.0,1337.0,93.0,1337.0,75369.07381476296,0.11671903288002672,0.1349133571637986,3.3807924505697984,nan,nan,nan,nan
,,,300.0,sammon_2021_deep_crust,1337.0,8075.999999999999,2854.1968065034193,nan,nan,nan,93.0,1337.0,84280.85617123425,nan,nan,3.234337344394047,nan,nan,nan,nan
,,,300.0,sammon_2021_lower_crust,1337.0,8075.999999999999,2925.422496902028,77319.46389277856,93.0,1337.0,93.0,1337.0,80020.00400080017,0.061343400498231566,0.07082007927642575,3.3166991726824255,nan,nan,nan,nan
,,,300.0,hacker_2015_md_xenolith,1337.0,8075.999999999999,2963.084810158211,72038.40768153631,93.0,1337.0,93.0,1337.0,79869.97399479896,0.10207156534594797,0.11605830499772551,3.3619373984037253,nan,nan,nan,nan
,,,300.0,mackwell_1998_maryland_diabase,1337.0,8075.999999999999,3021.8674127782106,59525.905181036214,93.0,1337.0,93.0,1337.0,72638.52770554111,0.11707325383418365,0.135166460374613,3.3810455537806128,nan,nan,nan,nan
,,,1000.0,sammon_2021_deep_crust,1337.0,8075.999999999999,2854.1968065034193,nan,nan,nan,93.0,1337.0,81640.32806561312,nan,nan,3.234333935745036,nan,nan,nan,nan
,,,1000.0,sammon_2021_lower_crust,1337.0,8075.999999999999,2925.422496902028,76149.2298459692,93.0,1337.0,93.0,1337.0,77889.57791558313,0.06165801126289416,0.07082205383383045,3.3167011472398302,nan,nan,nan,nan
,,,1000.0,hacker_2015_md_xenolith,1337.0,8075.999999999999,2963.084810158211,71618.32366473295,93.0,1337.0,93.0,1337.0,78129.62592518504,0.1028852525642238,0.11614335413295596,3.3620224475389557,nan,nan,nan,nan
,,,1000.0,mackwell_1998_maryland_diabase,1337.0,8075.999999999999,3021.8674127782106,59315.86317263453,93.0,1337.0,93.0,1337.0,71198.23964792959,0.11772462597010562,0.13512134912513352,3.3810004425311333,nan,nan,nan,nan
,,,3000.0,sammon_2021_deep_crust,1337.0,8075.999999999999,2854.1968065034193,nan,nan,nan,93.0,1337.0,80530.10602120424,nan,nan,3.2343348413456496,nan,nan,nan,nan
,,,3000.0,sammon_2021_lower_crust,1337.0,8075.999999999999,2925.422496902028,75549.1098219644,93.0,1337.0,93.0,1337.0,76809.36187237447,0.06178645071729452,0.07082042046324588,3.3166995138692457,nan,nan,nan,nan
,,,3000.0,hacker_2015_md_xenolith,1337.0,8075.999999999999,2963.084810158211,71468.29365873174,93.0,1337.0,93.0,1337.0,77379.47589517903,0.10321422455690724,0.11613990667114615,3.362019000077146,nan,nan,nan,nan
,,,3000.0,mackwell_1998_maryland_diabase,1337.0,8075.999999999999,3021.8674127782106,59255.85117023405,93.0,1337.0,93.0,1337.0,70628.12562512503,0.11795839855526839,0.13510293383507932,3.380982027241079,nan,nan,nan,nan
,,,10000.0,sammon_2021_deep_crust,1337.0,8075.999999999999,2854.1968065034193,nan,nan,nan,93.0,1337.0,80050.0100020004,nan,nan,3.2343356478220144,nan,nan,nan,nan
,,,10000.0,sammon_2021_lower_crust,1337.0,8075.999999999999,2925.422496902028,75159.03180636128,93.0,1337.0,93.0,1337.0,76269.25385077015,0.06181329285890286,0.07082378507960119,3.316702878485601,nan,nan,nan,nan
,,,10000.0,hacker_2015_md_xenolith,1337.0,8075.999999999999,2963.084810158211,71408.28165633127,93.0,1337.0,93.0,1337.0,77049.40988197639,0.103378046644255,0.11614425202586975,3.3620233454318695,nan,nan,nan,nan
,,,10000.0,mackwell_1998_maryland_diabase,1337.0,8075.999999999999,3021.8674127782106,59255.85117023405,93.0,1337.0,93.0,1337.0,70388.0776155231,0.11807336554482895,0.1350961891647735,3.3809752825707733,nan,nan,nan,nan
,,,0.01,sammon_2021_deep_crust,1487.0,8075.999999999999,2845.7278268611235,nan,nan,nan,nan,nan,nan,nan,nan,2.856624147699807,nan,nan,nan,nan
,,,0.01,sammon_2021_lower_crust,1487.0,8075.999999999999,2916.5407828825655,nan,nan,nan,nan,nan,nan,nan,nan,2.920924194646657,nan,nan,nan,nan
,,,0.01,hacker_2015_md_xenolith,1487.0,8075.999999999999,2953.6528239934137,nan,nan,nan,nan,nan,nan,nan,nan,2.9558226436352077,nan,nan,nan,nan
,,,0.01,mackwell_1998_maryland_diabase,1487.0,8075.999999999999,3012.8352109271596,nan,nan,nan,nan,nan,nan,nan,nan,3.013456661158829,nan,nan,nan,nan
,,,0.03,sammon_2021_deep_crust,1487.0,8075.999999999999,2845.7278268611235,nan,nan,nan,nan,nan,nan,nan,nan,2.901273798981964,nan,nan,nan,nan
,,,0.03,sammon_2021_lower_crust,1487.0,8075.999999999999,2916.5407828825655,nan,nan,nan,nan,nan,nan,nan,nan,2.971493731982075,nan,nan,nan,nan
,,,0.03,hacker_2015_md_xenolith,1487.0,8075.999999999999,2953.6528239934137,nan,nan,nan,nan,nan,nan,nan,nan,3.0080678354227937,nan,nan,nan,nan
,,,0.03,mackwell_1998_maryland_diabase,1487.0,8075.999999999999,3012.8352109271596,nan,nan,nan,nan,nan,nan,nan,nan,3.0633738997856543,nan,nan,nan,nan
,,,0.1,sammon_2021_deep_crust,1487.0,8075.999999999999,2845.7278268611235,nan,nan,nan,nan,nan,nan,nan,nan,3.0058202756422037,nan,nan,nan,nan
,,,0.1,sammon_2021_lower_crust,1487.0,8075.999999999999,2916.5407828825655,nan,nan,nan,nan,nan,nan,nan,nan,3.0859159866383434,nan,nan,nan,nan
,,,0.1,hacker_2015_md_xenolith,1487.0,8075.999999999999,2953.6528239934137,nan,nan,nan,nan,nan,nan,nan,nan,3.125687039280513,nan,nan,nan,nan
,,,0.1,mackwell_1998_maryland_diabase,1487.0,8075.999999999999,3012.8352109271596,nan,nan,nan,nan,nan,nan,nan,nan,3.1727173177516264,nan,nan,nan,nan
,,,0.3,sammon_2021_deep_crust,1487.0,8075.999999999999,2845.7278268611235,nan,nan,nan,nan,nan,nan,nan,nan,3.1153769084213137,nan,nan,nan,nan
,,,0.3,sammon_2021_lower_crust,1487.0,8075.999999999999,2916.5407828825655,nan,nan,nan,nan,nan,nan,nan,nan,3.2033459521115324,nan,nan,nan,nan
,,,0.3,hacker_2015_md_xenolith,1487.0,8075.999999999999,2953.6528239934137,168057.61152230445,93.0,1487.0,nan,nan,nan,0.006747211873808139,0.012114882410527272,3.2429175889165274,nan,nan,nan,nan
,,,0.3,mackwell_1998_maryland_diabase,1487.0,8075.999999999999,3012.8352109271596,148883.77675535108,93.0,1487.0,nan,nan,nan,0.028820759661173034,0.04812172883249355,3.2789244353384936,nan,nan,nan,nan
,,,1.0,sammon_2021_deep_crust,1487.0,8075.999999999999,2845.7278268611235,nan,nan,nan,nan,nan,nan,nan,nan,3.1802401313898976,nan,nan,nan,nan
,,,1.0,sammon_2021_lower_crust,1487.0,8075.999999999999,2916.5407828825655,147323.46469293858,93.0,1487.0,93.0,1487.0,166527.3054610922,0.016421598474537447,0.02874642734334154,3.2595491338493416,nan,nan,nan,nan
,,,1.0,hacker_2015_md_xenolith,1487.0,8075.999999999999,2953.6528239934137,124038.80776155232,93.0,1487.0,93.0,1487.0,166077.21544308861,0.04412265922709636,0.07166459392993696,3.302467300435937,nan,nan,nan,nan
,,,1.0,mackwell_1998_maryland_diabase,1487.0,8075.999999999999,3012.8352109271596,111766.35327065413,93.0,1487.0,93.0,1487.0,144562.9125825165,0.06478080449921655,0.09522184447125959,3.3260245509772597,nan,nan,nan,nan
,,,3.0,sammon_2021_deep_crust,1487.0,8075.999999999999,2845.7278268611235,nan,nan,nan,93.0,1487.0,136761.3522704541,nan,nan,3.209463615381144,nan,nan,nan,nan
,,,3.0,sammon_2021_lower_crust,1487.0,8075.999999999999,2916.5407828825655,116057.21144228846,93.0,1487.0,93.0,1487.0,125719.14382876575,0.035701105169317834,0.051754114199360046,3.28255682070536,nan,nan,nan,nan
,,,3.0,hacker_2015_md_xenolith,1487.0,8075.999999999999,2953.6528239934137,101774.3548709742,93.0,1487.0,93.0,1487.0,125479.09581916383,0.0695471245533507,0.09542464253256933,3.3262273490385694,nan,nan,nan,nan
,,,3.0,mackwell_1998_maryland_diabase,1487.0,8075.999999999999,3012.8352109271596,91812.36247249451,93.0,1487.0,93.0,1487.0,112426.48529705941,0.08665402203460598,0.1128078227471363,3.3436105292531364,nan,nan,nan,nan
,,,10.0,sammon_2021_deep_crust,1487.0,8075.999999999999,2845.7278268611235,nan,nan,nan,93.0,1487.0,112606.52130426087,nan,nan,3.215567899392071,nan,nan,nan,nan
,,,10.0,sammon_2021_lower_crust,1487.0,8075.999999999999,2916.5407828825655,97003.40068013602,93.0,1487.0,93.0,1487.0,103424.6849369874,0.04602495233193783,0.06139065625535167,3.2921933627613518,nan,nan,nan,nan
,,,10.0,hacker_2015_md_xenolith,1487.0,8075.999999999999,2953.6528239934137,87281.45629125825,93.0,1487.0,93.0,1487.0,103064.61292258452,0.08220819525578385,0.10284579723903864,3.3336485037450387,nan,nan,nan,nan
,,,10.0,mackwell_1998_maryland_diabase,1487.0,8075.999999999999,3012.8352109271596,77679.53590718145,93.0,1487.0,93.0,1487.0,93042.60852170434,0.09710415225748427,0.1163551974983621,3.347157904004362,nan,nan,nan,nan
,,,30.0,sammon_2021_deep_crust,1487.0,8075.999999999999,2845.7278268611235,nan,nan,nan,93.0,1487.0,101684.33686737347,nan,nan,3.2152848076137865,nan,nan,nan,nan
,,,30.0,sammon_2021_lower_crust,1487.0,8075.999999999999,2916.5407828825655,88811.76235247048,93.0,1487.0,93.0,1487.0,93882.77655531105,0.05123243496562704,0.06364902862623678,3.294451735132237,nan,nan,nan,nan
,,,30.0,hacker_2015_md_xenolith,1487.0,8075.999999999999,2953.6528239934137,80140.02800560111,93.0,1487.0,93.0,1487.0,93102.62052410483,0.088571491761836,0.10671471531751031,3.3375174218235104,nan,nan,nan,nan
,,,30.0,mackwell_1998_maryland_diabase,1487.0,8075.999999999999,3012.8352109271596,69787.9575915183,93.0,1487.0,93.0,1487.0,83380.67613522706,0.10292245204797017,0.12215421177948915,3.3529569182854893,nan,nan,nan,nan
,,,100.0,sammon_2021_deep_crust,1487.0,8075.999999999999,2845.7278268611235,nan,nan,nan,93.0,1487.0,94962.9925985197,nan,nan,3.2151836636232347,nan,nan,nan,nan
,,,100.0,sammon_2021_lower_crust,1487.0,8075.999999999999,2916.5407828825655,85181.03620724144,93.0,1487.0,93.0,1487.0,88541.70834166833,0.052484942852440736,0.06373828205303589,3.294540988559036,nan,nan,nan,nan
,,,100.0,hacker_2015_md_xenolith,1487.0,8075.999999999999,2953.6528239934137,77859.57191438288,93.0,1487.0,93.0,1487.0,87641.52830566114,0.09120688757539887,0.10758980940892338,3.3383925159149235,nan,nan,nan,nan
,,,100.0,mackwell_1998_maryland_diabase,1487.0,8075.999999999999,3012.8352109271596,64776.95539107821,93.0,1487.0,93.0,1487.0,78549.7099419884,0.10542598255510159,0.124062804298676,3.354865510804676,nan,nan,nan,nan
,,,300.0,sammon_2021_deep_crust,1487.0,8075.999999999999,2845.7278268611235,nan,nan,nan,93.0,1487.0,91722.34446889377,nan,nan,3.215184764250528,nan,nan,nan,nan
,,,300.0,sammon_2021_lower_crust,1487.0,8075.999999999999,2916.5407828825655,83530.70614122825,93.0,1487.0,93.0,1487.0,85901.1802360472,0.05290893831501748,0.0637940794661449,3.294596785972145,nan,nan,nan,nan
,,,300.0,hacker_2015_md_xenolith,1487.0,8075.999999999999,2953.6528239934137,77139.42788557711,93.0,1487.0,93.0,1487.0,85061.01220244048,0.09249722949750251,0.10810923027563835,3.3389119367816384,nan,nan,nan,nan
,,,300.0,mackwell_1998_maryland_diabase,1487.0,8075.999999999999,3012.8352109271596,62886.577315463095,93.0,1487.0,93.0,1487.0,76509.30186037207,0.10517480683654565,0.12401076715231296,3.354813473658313,nan,nan,nan,nan
,,,1000.0,sammon_2021_deep_crust,1487.0,8075.999999999999,2845.7278268611235,nan,nan,nan,93.0,1487.0,89891.97839567914,nan,nan,3.215181628546045,nan,nan,nan,nan
,,,1000.0,sammon_2021_lower_crust,1487.0,8075.999999999999,2916.5407828825655,82690.53810762151,93.0,1487.0,93.0,1487.0,84490.89817963593,0.05311524206891766,0.0637938750260929,3.294596581532093,nan,nan,nan,nan
,,,1000.0,hacker_2015_md_xenolith,1487.0,8075.999999999999,2953.6528239934137,76839.36787357472,93.0,1487.0,93.0,1487.0,83680.73614722944,0.09322656522201361,0.10838375302284797,3.339186459528848,nan,nan,nan,nan
,,,1000.0,mackwell_1998_maryland_diabase,1487.0,8075.999999999999,3012.8352109271596,62676.53530706141,93.0,1487.0,93.0,1487.0,75489.0978195639,0.1054188817248413,0.12394373398253045,3.3547464404885305,nan,nan,nan,nan
,,,3000.0,sammon_2021_deep_crust,1487.0,8075.999999999999,2845.7278268611235,nan,nan,nan,93.0,1487.0,89111.8223644729,nan,nan,3.215179659274594,nan,nan,nan,nan
,,,3000.0,sammon_2021_lower_crust,1487.0,8075.999999999999,2916.5407828825655,82360.47209441889,93.0,1487.0,93.0,1487.0,83920.78415683136,0.053206928697254754,0.06379453721118189,3.294597243717182,nan,nan,nan,nan
,,,3000.0,hacker_2015_md_xenolith,1487.0,8075.999999999999,2953.6528239934137,76719.34386877375,93.0,1487.0,93.0,1487.0,83140.62812562512,0.09351582225007417,0.10848037141868128,3.3392830779246814,nan,nan,nan,nan
,,,3000.0,mackwell_1998_maryland_diabase,1487.0,8075.999999999999,3012.8352109271596,62646.52930586117,93.0,1487.0,93.0,1487.0,75069.01380276054,0.10550421567509372,0.12390808052788316,3.3547107870338833,nan,nan,nan,nan
,,,10000.0,sammon_2021_deep_crust,1487.0,8075.999999999999,2845.7278268611235,nan,nan,nan,93.0,1487.0,88751.75035007001,nan,nan,3.2151822735852584,nan,nan,nan,nan
,,,10000.0,sammon_2021_lower_crust,1487.0,8075.999999999999,2916.5407828825655,82240.44808961793,93.0,1487.0,93.0,1487.0,83650.73014602921,0.05326852083218443,0.06379383838002761,3.2945965448860277,nan,nan,nan,nan
,,,10000.0,hacker_2015_md_xenolith,1487.0,8075.999999999999,2953.6528239934137,76689.33786757351,93.0,1487.0,93.0,1487.0,82900.58011602321,0.0936598590530383,0.10849924302921687,3.339301949535217,nan,nan,nan,nan
,,,10000.0,mackwell_1998_maryland_diabase,1487.0,8075.999999999999,3012.8352109271596,62616.523304660936,93.0,1487.0,93.0,1487.0,74918.98379675935,0.10550838541362173,0.12390094456462997,3.35470365107063,nan,nan,nan,nan
,,,0.01,sammon_2021_deep_crust,1637.0,8075.999999999999,2837.046008831773,nan,nan,nan,nan,nan,nan,nan,nan,2.851034001964668,nan,nan,nan,nan
,,,0.01,sammon_2021_lower_crust,1637.0,8075.999999999999,2907.796522602301,nan,nan,nan,nan,nan,nan,nan,nan,2.916145521544551,nan,nan,nan,nan
,,,0.01,hacker_2015_md_xenolith,1637.0,8075.999999999999,2944.220587529073,nan,nan,nan,nan,nan,nan,nan,nan,2.9504105867207633,nan,nan,nan,nan
,,,0.01,mackwell_1998_maryland_diabase,1637.0,8075.999999999999,3004.1067130069864,nan,nan,nan,nan,nan,nan,nan,nan,3.0084978315646067,nan,nan,nan,nan
,,,0.03,sammon_2021_deep_crust,1637.0,8075.999999999999,2837.046008831773,nan,nan,nan,nan,nan,nan,nan,nan,2.8990660003285376,nan,nan,nan,nan
,,,0.03,sammon_2021_lower_crust,1637.0,8075.999999999999,2907.796522602301,nan,nan,nan,nan,nan,nan,nan,nan,2.97077670608408,nan,nan,nan,nan
,,,0.03,hacker_2015_md_xenolith,1637.0,8075.999999999999,2944.220587529073,nan,nan,nan,nan,nan,nan,nan,nan,3.006846874633708,nan,nan,nan,nan
,,,0.03,mackwell_1998_maryland_diabase,1637.0,8075.999999999999,3004.1067130069864,nan,nan,nan,nan,nan,nan,nan,nan,3.0623268005358333,nan,nan,nan,nan
,,,0.1,sammon_2021_deep_crust,1637.0,8075.999999999999,2837.046008831773,nan,nan,nan,nan,nan,nan,nan,nan,3.0049728952718735,nan,nan,nan,nan
,,,0.1,sammon_2021_lower_crust,1637.0,8075.999999999999,2907.796522602301,nan,nan,nan,nan,nan,nan,nan,nan,3.0859433437057895,nan,nan,nan,nan
,,,0.1,hacker_2015_md_xenolith,1637.0,8075.999999999999,2944.220587529073,nan,nan,nan,nan,nan,nan,nan,nan,3.1251567536299754,nan,nan,nan,nan
,,,0.1,mackwell_1998_maryland_diabase,1637.0,8075.999999999999,3004.1067130069864,nan,nan,nan,nan,nan,nan,nan,nan,3.1712539996132194,nan,nan,nan,nan
,,,0.3,sammon_2021_deep_crust,1637.0,8075.999999999999,2837.046008831773,nan,nan,nan,nan,nan,nan,nan,nan,3.10139500947687,nan,nan,nan,nan
,,,0.3,sammon_2021_lower_crust,1637.0,8075.999999999999,2907.796522602301,nan,nan,nan,nan,nan,nan,nan,nan,3.1858395800869768,nan,nan,nan,nan
,,,0.3,hacker_2015_md_xenolith,1637.0,8075.999999999999,2944.220587529073,169197.8395679136,93.0,1637.0,nan,nan,nan,0.004874161846159148,0.009364245792864434,3.2250905653988644,nan,nan,nan,nan
,,,0.3,mackwell_1998_maryland_diabase,1637.0,8075.999999999999,3004.1067130069864,146963.39267853572,93.0,1637.0,nan,nan,nan,0.02702861192664478,0.043302790557524506,3.2590291101635245,nan,nan,nan,nan
,,,1.0,sammon_2021_deep_crust,1637.0,8075.999999999999,2837.046008831773,nan,nan,nan,93.0,1637.0,177359.47189437886,nan,nan,3.1616366530746296,nan,nan,nan,nan
,,,1.0,sammon_2021_lower_crust,1637.0,8075.999999999999,2907.796522602301,152274.4548909782,93.0,1637.0,93.0,1637.0,158575.7151430286,0.011619000217367177,0.020279828468029226,3.236006148074029,nan,nan,nan,nan
,,,1.0,hacker_2015_md_xenolith,1637.0,8075.999999999999,2944.220587529073,126919.38387677536,93.0,1637.0,93.0,1637.0,158395.67913582717,0.03974940985310795,0.06395843067087048,3.2796847502768705,nan,nan,nan,nan
,,,1.0,mackwell_1998_maryland_diabase,1637.0,8075.999999999999,3004.1067130069864,112996.59931986398,93.0,1637.0,93.0,1637.0,139761.9523904781,0.058171753984987626,0.08627974847615016,3.30200606808215,nan,nan,nan,nan
,,,3.0,sammon_2021_deep_crust,1637.0,8075.999999999999,2837.046008831773,nan,nan,nan,93.0,1637.0,135471.0942188438,nan,nan,3.1859171373674493,nan,nan,nan,nan
,,,3.0,sammon_2021_lower_crust,1637.0,8075.999999999999,2907.796522602301,121608.32166433286,93.0,1637.0,93.0,1637.0,124008.80176035207,0.025922721615570084,0.03726374808360999,3.25299006768961,nan,nan,nan,nan
,,,3.0,hacker_2015_md_xenolith,1637.0,8075.999999999999,2944.220587529073,105525.1050210042,93.0,1637.0,93.0,1637.0,123798.75975195039,0.06043483710758838,0.08081256115054547,3.2965388807565454,nan,nan,nan,nan
,,,3.0,mackwell_1998_maryland_diabase,1637.0,8075.999999999999,3004.1067130069864,93942.78855771155,93.0,1637.0,93.0,1637.0,111196.23924784957,0.07632727654578174,0.09773840991647686,3.313464729522477,nan,nan,nan,nan
,,,10.0,sammon_2021_deep_crust,1637.0,8075.999999999999,2837.046008831773,nan,nan,nan,93.0,1637.0,115397.07941588317,nan,nan,3.192435428420361,nan,nan,nan,nan
,,,10.0,sammon_2021_lower_crust,1637.0,8075.999999999999,2907.796522602301,102134.42688537708,93.0,1637.0,93.0,1637.0,105135.02700540109,0.03369269809043798,0.04537625794635636,3.2611025775523563,nan,nan,nan,nan
,,,10.0,hacker_2015_md_xenolith,1637.0,8075.999999999999,2944.220587529073,91092.21844368873,93.0,1637.0,93.0,1637.0,104654.93098619724,0.07088572839603953,0.0869422483542297,3.3026685679602297,nan,nan,nan,nan
,,,10.0,mackwell_1998_maryland_diabase,1637.0,8075.999999999999,3004.1067130069864,80740.14802960592,93.0,1637.0,93.0,1637.0,93972.79455891179,0.084770628991243,0.0983498643495282,3.314076183955528,nan,nan,nan,nan
,,,30.0,sammon_2021_deep_crust,1637.0,8075.999999999999,2837.046008831773,nan,nan,nan,93.0,1637.0,106635.32706541309,nan,nan,3.1937001468205,nan,nan,nan,nan
,,,30.0,sammon_2021_lower_crust,1637.0,8075.999999999999,2907.796522602301,94062.8125625125,93.0,1637.0,93.0,1637.0,97243.44868973795,0.03874016179203463,0.051102203342507924,3.266828522948508,nan,nan,nan,nan
,,,30.0,hacker_2015_md_xenolith,1637.0,8075.999999999999,2944.220587529073,84790.95819163832,93.0,1637.0,93.0,1637.0,96523.30466093219,0.0764085981631587,0.09207246425128668,3.3077987838572867,nan,nan,nan,nan
,,,30.0,mackwell_1998_maryland_diabase,1637.0,8075.999999999999,3004.1067130069864,73688.73774754952,93.0,1637.0,93.0,1637.0,85781.15623124625,0.08881005491931432,0.10185295828052654,3.3175792778865265,nan,nan,nan,nan
,,,100.0,sammon_2021_deep_crust,1637.0,8075.999999999999,2837.046008831773,nan,nan,nan,93.0,1637.0,101234.24684936988,nan,nan,3.1937187375494083,nan,nan,nan,nan
,,,100.0,sammon_2021_lower_crust,1637.0,8075.999999999999,2907.796522602301,90672.13442688537,93.0,1637.0,93.0,1637.0,92892.57851570315,0.04074302638150038,0.052736641648402305,3.2684629612544023,nan,nan,nan,nan
,,,100.0,hacker_2015_md_xenolith,1637.0,8075.999999999999,2944.220587529073,82870.57411482296,93.0,1637.0,93.0,1637.0,92142.42848569714,0.07872703567918557,0.09329656669435682,3.309022886300357,nan,nan,nan,nan
,,,100.0,mackwell_1998_maryland_diabase,1637.0,8075.999999999999,3004.1067130069864,69247.84956991399,93.0,1637.0,93.0,1637.0,81820.36407281455,0.0915548519607737,0.10500862253886245,3.3207349421448624,nan,nan,nan,nan
,,,300.0,sammon_2021_deep_crust,1637.0,8075.999999999999,2837.046008831773,nan,nan,nan,93.0,1637.0,98743.74874974995,nan,nan,3.1937158168855997,nan,nan,nan,nan
,,,300.0,sammon_2021_lower_crust,1637.0,8075.999999999999,2907.796522602301,89171.83436687337,93.0,1637.0,93.0,1637.0,90762.15243048611,0.04120976117126324,0.05301988739471586,3.268746207000716,nan,nan,nan,nan
,,,300.0,hacker_2015_md_xenolith,1637.0,8075.999999999999,2944.220587529073,82240.44808961793,93.0,1637.0,93.0,1637.0,90042.00840168033,0.07930010851128946,0.09308376757202197,3.308810087178022,nan,nan,nan,nan
,,,300.0,mackwell_1998_maryland_diabase,1637.0,8075.999999999999,3004.1067130069864,67117.42348469695,93.0,1637.0,93.0,1637.0,80320.06401280256,0.09128353179760987,0.10538361686001663,3.3211099364660166,nan,nan,nan,nan
,,,1000.0,sammon_2021_deep_crust,1637.0,8075.999999999999,2837.046008831773,nan,nan,nan,93.0,1637.0,97393.47869573915,nan,nan,3.19371688363291,nan,nan,nan,nan
,,,1000.0,sammon_2021_lower_crust,1637.0,8075.999999999999,2907.796522602301,88421.68433686737,93.0,1637.0,93.0,1637.0,89621.92438487697,0.04134378218965471,0.05306503439003363,3.2687913539960336,nan,nan,nan,nan
,,,1000.0,hacker_2015_md_xenolith,1637.0,8075.999999999999,2944.220587529073,82000.400080016,93.0,1637.0,93.0,1637.0,88961.79235847169,0.0794676187324927,0.09288289976934383,3.308609219375344,nan,nan,nan,nan
,,,1000.0,mackwell_1998_maryland_diabase,1637.0,8075.999999999999,3004.1067130069864,66547.30946189238,93.0,1637.0,93.0,1637.0,79539.90798159632,0.09103125054179738,0.10527342549314245,3.3209997450991424,nan,nan,nan,nan
,,,3000.0,sammon_2021_deep_crust,1637.0,8075.999999999999,2837.046008831773,nan,nan,nan,93.0,1637.0,96823.3646729346,nan,nan,3.1937171244391473,nan,nan,nan,nan
,,,3000.0,sammon_2021_lower_crust,1637.0,8075.999999999999,2907.796522602301,88151.6303260652,93.0,1637.0,93.0,1637.0,89171.83436687337,0.041379144196578926,0.053065693599478436,3.2687920132054784,nan,nan,nan,nan
,,,3000.0,hacker_2015_md_xenolith,1637.0,8075.999999999999,2944.220587529073,81940.38807761553,93.0,1637.0,93.0,1637.0,88571.71434286857,0.07950028237007076,0.09279281165993813,3.308519131265938,nan,nan,nan,nan
,,,3000.0,mackwell_1998_maryland_diabase,1637.0,8075.999999999999,3004.1067130069864,66517.30346069214,93.0,1637.0,93.0,1637.0,79269.85397079415,0.09101794933273309,0.10520595559549006,3.32093227520149,nan,nan,nan,nan
,,,10000.0,sammon_2021_deep_crust,1637.0,8075.999999999999,2837.046008831773,nan,nan,nan,93.0,1637.0,96583.31666333268,nan,nan,3.1937134440100516,nan,nan,nan,nan
,,,10000.0,sammon_2021_lower_crust,1637.0,8075.999999999999,2907.796522602301,88031.60632126426,93.0,1637.0,93.0,1637.0,88991.79835967193,0.0413774137404841,0.05306261091691544,3.2687889305229154,nan,nan,nan,nan
,,,10000.0,hacker_2015_md_xenolith,1637.0,8075.999999999999,2944.220587529073,81910.38207641529,93.0,1637.0,93.0,1637.0,88391.67833566712,0.07948495638753632,0.09274959893095414,3.308475918536954,nan,nan,nan,nan
,,,10000.0,mackwell_1998_maryland_diabase,1637.0,8075.999999999999,3004.1067130069864,66517.30346069214,93.0,1637.0,93.0,1637.0,79149.82996599321,0.0909903163083168,0.10516236844452775,3.3208886880505277,nan,nan,nan,nan
